model,best_score,balanced_accuracy_train,balanced_accuracy_test,f1_train,f1_test,roc_auc_train,roc_auc_test,precision_train,precision_test,accuracy_train,accuracy_test
SVM,,0.7103934641026629,0.6710526315789473,0.7878553998770257,0.7599602692859508,0.7103934641026628,0.6710526315789473,0.8288358399916445,0.8429416112342942,0.8105906313645621,0.7967479674796748
KNN,0.5276064176272339,0.5390670160699834,0.5481424148606812,0.6219176757429528,0.6338282078472959,0.5390670160699834,0.548142414860681,0.6373350752494489,0.6858430540827147,0.6843177189409368,0.7073170731707317
AdaBoost,0.765216611439954,0.7201337238429226,0.6710526315789473,0.7959646042559169,0.7599602692859508,0.7201337238429226,0.6710526315789473,0.8339166902803894,0.8429416112342942,0.8167006109979633,0.7967479674796748
RF,0.7807102060853229,0.9967532467532467,0.6710526315789473,0.9979615317235145,0.7599602692859508,0.9967532467532468,0.6710526315789473,0.9979693657431398,0.8429416112342942,0.9979633401221996,0.7967479674796748
LR,0.5465996393742861,0.5,0.5,0.5586990958017257,0.5648061288305192,0.5,0.5,0.47108233332365473,0.47755965364531694,0.6863543788187373,0.6910569105691057
